CVEID,Third-party Applications,Summary,Published Date,CVE Date,fix date,CVSS v3.x Score,Severity,成因
CVE-2018-0268,Cisco DNA,"A vulnerability in the container management subsystem of Cisco Digital Network Architecture (DNA) Center could allow an unauthenticated, remote attacker to bypass authentication and gain elevated privileges. This vulnerability is due to an insecure default configuration of the Kubernetes container management subsystem within DNA Center. An attacker who has the ability to access the Kubernetes service port could execute commands with elevated privileges within provisioned containers. A successful exploit could result in a complete compromise of affected containers. This vulnerability affects Cisco DNA Center Software Releases 1.1.3 and prior. Cisco Bug IDs: CSCvi47253.",2018 May 16,2018-05-17T03:29:00Z,?2018 年 4 月 5 日,10,CRITICAL,网络隔离
CVE-2018-1000400,Kubernetes,"Kubernetes CRI-O version prior to 1.9 contains a Privilege Context Switching Error (CWE-270) vulnerability in the handling of ambient capabilities that can result in containers running with elevated privileges, allowing users abilities they should not have. This attack appears to be exploitable via container execution. This vulnerability appears to have been fixed in  1.9.","五月 18, 2018; 2:29:00 下午 -0400",2018-05-18T18:29:00Z,6-May-18,8.8,HIGH,K8S漏洞
CVE-2018-5256,CoreOS Tectonic,CoreOS Tectonic 1.7.x before 1.7.9-tectonic.4 and 1.8.x before 1.8.4-tectonic.3 mounts a direct proxy to the kubernetes cluster at /api/kubernetes/ which is accessible without authentication to Tectonic.,5/18/2018,2018-05-18T15:29:00Z,(2024-08-05),7.5,HIGH,内部权限失控
CVE-2019-10165,OpenShift,OpenShift Container Platform before version 4.1.3 writes OAuth tokens in plaintext to the audit logs for the Kubernetes API server and OpenShift API server. A user with sufficient privileges could recover OAuth tokens from these audit logs and use them to access other resources.,"?Jun 7, 2019",2019-07-30T23:15:12Z,7-Jun-19,2.3,LOW,敏感信息泄露
CVE-2019-11247,Kubernetes,"The Kubernetes kube-apiserver mistakenly allows access to a cluster-scoped custom resource if the request is made as if the resource were namespaced. Authorizations for the resource accessed in this manner are enforced using roles and role bindings within the namespace, meaning that a user with access only to a resource in one namespace could create, view update or delete the cluster-scoped resource (according to their namespace role privileges). Kubernetes affected versions include versions prior to 1.13.9, versions prior to 1.14.5, versions prior to 1.15.2, and versions 1.7, 1.8, 1.9, 1.10, 1.11, 1.12.",5-Aug-19,2019-08-29T01:15:11Z,1-Aug-19,8.1,HIGH,过度权限配置
CVE-2019-3869,Tower,"When running Tower before 3.4.3 on OpenShift or Kubernetes, application credentials are exposed to playbook job runs via environment variables. A malicious user with the ability to write playbooks could use this to gain administrative privileges.", 2019/03/13,2019-03-28T14:29:00Z,27-Mar-19,7.2,HIGH,内部权限失控
CVE-2020-15257,containerd,"containerd is an industry-standard container runtime and is available as a daemon for Linux and Windows. In containerd before versions 1.3.9 and 1.4. 3, the containerd-shim API is improperly exposed to host network containers. Access controls for the shim's API socket verified that the connecting process had an effective UID of 0, but did not otherwise restrict access to the abstract Unix domain socket. This would allow malicious containers running in the same network namespace as the shim, with an effective UID of 0 but otherwise reduced privileges, to cause new processes to be run with elevated privileges. This vulnerability has been fixed in containerd 1.3.9 and 1.4.3. Users should update to these versions as soon as they are released. It should be noted that containers started with an old version of containerd-shim should be stopped and restarted, as running containers will continue to be vulnerable even after an upgrade. If you are not providing the ability for untrusted users to start containers in the same network namespace as the shim (typically the host"" network namespace  for example with docker run --net=host or hostNetwork: true in a Kubernetes pod) and run with an effective UID of 0  you are not vulnerable to this issue. If you are running containers with a vulnerable configuration  you can deny access to all abstract sockets with AppArmor by adding a line similar to deny unix addr=@**  to your policy. It is best practice to run containers with a reduced set of privileges with a non-zero UID  and with isolated namespaces. The containerd maintainers strongly advise against sharing namespaces with the host. Reducing the set of isolation mechanisms used for a container necessarily increases that container's privilege  regardless of what container runtime is used for running that container.""",1-Dec-20,2020-12-01T03:15:11Z,1-Dec-20,5.2,MEDIUM,容器运行时漏洞
CVE-2020-1742,nmstate/kubernetes-nmstate-handler,An insecure modification vulnerability flaw was found in containers using nmstate/kubernetes-nmstate-handler. An attacker with access to the container could use this flaw to modify /etc/passwd and escalate their privileges. Versions before kubernetes-nmstate-handler-container-v2.3.0-30 are affected.,"六月 07, 2021; 4:15:08 下午 -0400",2021-06-07T20:15:08Z,?2020 年 5 月 4 日,7,HIGH,代码注入
CVE-2020-4062,Conjur OSS,"In Conjur OSS Helm Chart before 2.0.0, a recently identified critical vulnerability resulted in the installation of the Conjur Postgres database with an open port. This allows an attacker to gain full read & write access to the Conjur Postgres database, including escalating the attacker's privileges to assume full control. A malicious actor who knows the IP address and port number of the Postgres database and has access into the Kubernetes cluster where Conjur runs can gain full read & write access to the Postgres database. This enables the attacker to write  a policy that allows full access to retrieve any secret. This Helm chart is a method to install Conjur OSS into a Kubernetes environment. Hence, the systems impacted are only Conjur OSS systems that were deployed using this chart. Other deployments including Docker and the CyberArk Dynamic Access Provider (DAP) are not affected. To remediate this vulnerability, clone the latest Helm Chart and follow the upgrade instructions. If you are not able to fully remediate this vulnerability immediately, you can mitigate some of the risk by making sure Conjur OSS is deployed on an isolated Kubernetes cluster or namespace. The term isolated"" refers to: - No other workloads besides Conjur OSS and its backend database are running in that Kubernetes cluster/namespace. - Kubernetes and helm access to the cluster/namespace is limited to security administrators via Role-Based Access Control (RBAC).""",19-Jun-20,2020-06-22T16:15:11Z,19-Jun-20,9,CRITICAL,网络隔离
CVE-2020-8559,Kubernetes,"The Kubernetes kube-apiserver in versions v1.6-v1.15, and versions prior to v1.16.13, v1.17.9 and v1.18.6 are vulnerable to an unvalidated redirect on proxied upgrade requests that could allow an attacker to escalate privileges from a node compromise to a full cluster compromise.",9-Jul-20,2020-07-22T14:15:16Z,13-Jul-20,6.8,MEDIUM,敏感信息泄露
CVE-2021-41254,kustomize-controller,"kustomize-controller is a Kubernetes operator, specialized in running continuous delivery pipelines for infrastructure and workloads defined with Kubernetes manifests and assembled with Kustomize. Users that can create Kubernetes Secrets, Service Accounts and Flux Kustomization objects, could execute commands inside the kustomize-controller container by embedding a shell script in a Kubernetes Secret. This can be used to run `kubectl` commands under the Service Account of kustomize-controller, thus allowing an authenticated Kubernetes user to gain cluster admin privileges. In affected versions multitenant environments where non-admin users have permissions to create Flux Kustomization objects are affected by this issue. This vulnerability was fixed in kustomize-controller v0.15.0 (included in flux2 v0.18.0) released on 2021-10-08. Starting with v0.15, the kustomize-controller no longer executes shell commands on the container OS and the `kubectl` binary has been removed from the container image. To prevent the creation of Kubernetes Service Accounts with `secrets` in namespaces owned by tenants, a Kubernetes validation webhook such as Gatekeeper OPA or Kyverno can be used.",12-Nov-21,2021-11-12T18:15:07Z,10/8/2021,8.8,HIGH,代码注入
CVE-2021-43858,MinIO,"MinIO is a Kubernetes native application for cloud storage. Prior to version `RELEASE.202  2021-12-27T07-23-18Z`, a malicious client can hand-craft an HTTP API call that allows for updating policy for a user and gaining higher privileges. The patch in version `RELEASE.2021-12-27T07-23-18Z` changes the accepted request body type and removes the ability to apply policy changes through this API. There is a workaround for this vulnerability: Changing passwords can be disabled by adding an explicit `Deny` rule to disable the API for users.","?Dec 28, 2021",2021-12-27T22:15:07Z,"?Dec 28, 2021",(not available),N/A,内部权限失控
CVE-2022-1902,Red Hat Advanced Cluster Securit,"A flaw was found in the Red Hat Advanced Cluster Security for Kubernetes. Notifier secrets were not properly sanitized in the GraphQL API. This flaw allows authenticated ACS users to retrieve Notifiers from the GraphQL API, revealing secrets that can escalate their privileges.",2022年5月25日,2022-09-01T21:15:09Z,31-May-22,8.8,HIGH,敏感信息泄露
CVE-2022-21701,Istio,"Istio is an open platform to connect, manage, and secure microservices. In versions 1.12.0 and 1.12.1 Istio is vulnerable to a privilege escalation attack.",1/19/2022,2022-01-19T22:15:09Z,2022.1.18,8.8,HIGH,内部权限失控
CVE-2022-23652,capsule-proxy,capsule-proxy is a reverse proxy for Capsule Operator which provides multi-tenancy in Kubernetes. In versions prior to 0.2.1 an attacker with a proper authentication mechanism may use a malicious `Connection` header to start a privilege escalation attack.,2/19/2022,2022-02-22T20:15:07Z,2022.2.21,8.8,HIGH,内部权限失控
CVE-2022-24730,Argo CD ,"Argo CD is a declarative, GitOps continuous delivery tool for Kubernetes. Argo CD starting with version 1.3.0 but before versions 2.1.11, 2.2.6, and 2.3.0 is vulnerable to a path traversal bug, compounded by an improper access control bug, allowing a malicious user with read-only repository access to leak sensitive files from Argo CD's repo-server. A malicious Argo CD user who has been granted `get` access for a repository containing a Helm chart can craft an API request to the `/api  /vuln/detail/CVE-2022-24730","三月 23, 2022; 5:15:08 下午 -0400",2022-03-23T21:15:08Z,6-Mar-22,6.5,MEDIUM,敏感信息泄露
CVE-2022-24768,Argo CD,"Argo CD is a declarative, GitOps continuous delivery tool for Kubernetes. All unpatched versions of Argo CD starting with 1.0.0 are vulnerable to an improper access control bug, allowing a malicious user to potentially escalate their privileges to admin-level.",3/23/2022,2022-03-23T22:15:13Z,3/23/2022,8.8,HIGH,内部权限失控
CVE-2022-24817,Flux2,"Flux2 is an open and extensible continuous delivery solution for Kubernetes. Flux2 versions between 0.1.0 and 0.29.0, helm-controller 0.1.0 to v0.19.0, and kustomize-controller 0.1.0 to v0.23.0 are vulnerable to Code Injection via malicious Kubeconfig.",3/4/2022,2022-05-06T00:15:07Z,2022.4.20,9.9,CRITICAL,代码注入
CVE-2022-24877,Flux,Flux is an open and extensible continuous delivery solution for Kubernetes. Path Traversal in the kustomize-controller via a malicious `kustomization.yaml` allows an attacker to expose sensitive data from the controller's pod filesystem.,5/4/2022,2022-05-06T01:15:09Z,2022.4.20,8.8,HIGH,代码注入
CVE-2022-29165,Argo CD,"Argo CD is a declarative, GitOps continuous delivery tool for Kubernetes. A critical vulnerability has been discovered in Argo CD starting with version 1.4.0 and prior to versions 2.1.15, 2.2.9, and 2.3.4 which would allow unauthenticated users to impersonate as any Argo CD user or role, including the `admin` user, by sending a specifically crafted JSON Web Token (JWT) along with the request. In order for this vulnerability to be exploited, anonymous access to the Argo CD instance must have been enabled. In a default Argo CD installation, anonymous access is disabled. The vulnerability can be exploited to impersonate as any user or role, including the built-in `admin` account regardless of whether it is enabled or disabled. Also, the attacker does not need an account on the Argo CD instance in order to exploit this. If anonymous access to the instance is enabled, an attacker can escalate their privileges, effectively allowing them to gain the same privileges on the cluster as the Argo CD instance, which is cluster admin in a default installation. This will allow the attacker to create, manipulate and delete any resource on the cluster. They may also exfiltrate data by deploying malicious workloads with elevated privileges, thus bypassing any redaction of sensitive data otherwise enforced by the Argo CD API. A patch for this vulnerability has been released in Argo CD versions 2.3.4, 2.2.9, and 2.1.15. As a workaround, one may disable anonymous access, but upgrading to a patched version is preferable.",18-May-22,2022-05-20T15:15:10Z,18-May-22,10,CRITICAL,内部权限失控
CVE-2022-29171,Sourcegraph,"Sourcegraph is a fast and featureful code search and navigation engine. Versions before 3.38.0 are vulnerable to Remote Code Execution in the gitserver service. The Gitolite code host integration with Phabricator allows Sourcegraph site admins to specify a `callsignCommand`, which is used to obtain the Phabricator metadata for a Gitolite repository. An administrator who is able to edit or add a Gitolite code host and has administrative access to Sourcegraph's bundled Grafana instance can change this command arbitrarily and run it remotely. This grants direct access to the infrastructure underlying the Sourcegraph installation. The attack requires: site-admin privileges on the instance of Sourcegraph, Administrative privileges on the bundled Grafana monitoring instance, Knowledge of the gitserver IP address or DNS name (if running in Kubernetes). This can be found through Grafana. The issue is patched in version 3.38.0. You may disable Gitolite code hosts. We still highly encourage upgrading regardless of workarounds.",4-May-22,2022-05-06T00:15:08Z,19-Mar-22,7.2,HIGH,代码注入
CVE-2022-29179,Cilium,"Cilium is open source software for providing and securing network connectivity and loadbalancing between application workloads. Prior to versions 1.9.16, 1.10.11, and 1.11.15, if an attacker is able to perform a container escape of a container running as root on a host where Cilium is installed, the attacker can escalate privileges to cluster admin by using Cilium's Kubernetes service account. The problem has been fixed and the patch is available in versions 1.9.16, 1.10.11, and 1.11.5. There are no known workarounds available.",17-May-22,2022-05-20T19:15:08Z,17-May-22,8.2,HIGH,过度权限配置
CVE-2022-31102,Argo CD,"Argo CD is a declarative, GitOps continuous delivery tool for Kubernetes. Argo CD starting with 2.3.0 and prior to 2.3.6 and 2.4.5 is vulnerable to a cross-site scripting (XSS) bug which could allow an attacker to inject arbitrary JavaScript in the `/auth/callback` page in a victim's browser. This vulnerability only affects Argo CD instances which have single sign on (SSO) enabled. The exploit also assumes the attacker has 1) access to the API server's encryption key, 2) a method to add a cookie to the victim's browser, and 3) the ability to convince the victim to visit a malicious `/auth/callback` link. The vulnerability is classified as low severity because access to the API server's encryption key already grants a high level of access. Exploiting the XSS would allow the attacker to impersonate the victim, but would not grant any privileges which the attacker could not otherwise gain using the encryption key. A patch for this vulnerability has been released in the following Argo CD versions 2.4.5 and 2.3.6. There is currently no known workaround.",13-Jul-22,2022-07-12T22:15:08Z,13-Jul-22,6.1,MEDIUM,代码注入
CVE-2022-37968,Azure Arc-enabled Kubernetes clusters,"Microsoft has identified a vulnerability affecting the cluster connect feature of Azure Arc-enabled Kubernetes clusters. This vulnerability could allow an unauthenticated user to elevate their privileges and potentially gain administrative control over the Kubernetes cluster. Additionally, because Azure Stack Edge allows customers to deploy Kubernetes workloads on their devices via Azure Arc, Azure Stack Edge devices are also vulnerable to this vulnerability.",10/11/2022,2022-10-11T19:15:12Z,10/11/2022,10,CRITICAL,内部权限失控
CVE-2022-46167,Capsule,"Capsule is a multi-tenancy and policy-based framework for Kubernetes. Prior to version 0.1.3, a ServiceAccount deployed in a Tenant Namespace, when granted with `PATCH` capabilities on its own Namespace, is able to edit it and remove the Owner Reference.",12/2/2022,2022-12-02T19:15:11Z,12/2/2022,8.8,HIGH,过度权限配置
CVE-2023-22482,Argo CD,"Argo CD is a declarative, GitOps continuous delivery tool for Kubernetes. Versions of Argo CD starting with v1.8.2 and prior to 2.3.13, 2.4.19, 2.5.6, and 2.6.0-rc-3  are vulnerable to an improper authorization bug causing the API to accept certain invalid tokens. OIDC providers include an `aud` (audience) claim in signed tokens. The value of that claim specifies the intended audience(s) of the token (i.e. the service or services which are meant to accept the token). Argo CD _does_ validate that the token was signed by Argo CD's configured OIDC provider. But Argo CD _does not_ validate the audience claim, so it will accept tokens that are not intended for Argo CD. If Argo CD's configured OIDC provider also serves other audiences (for example, a file storage service), then Argo CD will accept a token intended for one of those other audiences. Argo CD will grant the user privileges based on the token's `groups` claim, even though those groups were not intended to be used by Argo CD. This bug also increases the impact of a stolen token. If an attacker steals a valid token for a different audience, they can use it to access Argo CD. A patch for this vulnerability has been released in versions 2.6.0-rc3, 2.5.6, 2.4.19, and 2.3.13. There are no workarounds.",1/26/2023,2023-01-26T21:18:12Z,2023-01-25T18:35:37Z,8.8,HIGH,内部权限失控
CVE-2023-2250,Open Cluster Management,A flaw was found in the Open Cluster Management (OCM) when a user have access to the worker nodes which has the cluster-manager-registration-controller or cluster-manager deployments.,4/24/2023,2023-04-24T21:15:09Z,3/11/2023,6.7,MEDIUM,过度权限配置
CVE-2023-22645,SUSE kubewarden,An Improper Privilege Management vulnerability in SUSE kubewarden allows attackers to read arbitrary secrets if they get access to the ServiceAccount kubewarden-controller This issue affects: SUSE kubewarden kubewarden-controller versions prior to 1.6.0.,4/19/2023,4/19/2023,4/17/2023,8.8,HIGH,过度权限配置
CVE-2023-22651,SUSE Rancher,Improper Privilege Management vulnerability in SUSE Rancher allows Privilege Escalation. A failure in the update logic of Rancher's admission Webhook may lead to the misconfiguration of the Webhook.,3/25/2023,5/4/2023,4/24/2023,9.9,CRITICAL,内部权限失控
CVE-2023-23947,Argo CD,"Argo CD is a declarative, GitOps continuous delivery tool for Kubernetes. All Argo CD versions starting with 2.3.0-rc1 and prior to 2.3.17, 2.4.23  2.5.11, and 2.6.2 are vulnerable to an improper authorization bug which allows users who have the ability to update at least one cluster secret to update any cluster secret. The attacker could use this access to escalate privileges (potentially controlling Kubernetes resources) or to break Argo CD functionality (by preventing connections to external clusters). A patch for this vulnerability has been released in Argo CD versions 2.6.2, 2.5.11, 2.4.23, and 2.3.17. Two workarounds are available. Either modify the RBAC configuration to completely revoke all `clusters, update` access, or use the `destinations` and `clusterResourceWhitelist` fields to apply similar restrictions as the `namespaces` and `clusterResources` fields.",2/17/2023,2023-02-16T18:15:11Z,2/16/2023,8.5,HIGH,代码注入
CVE-2023-26484,KubeVirt,"KubeVirt is a virtual machine management add-on for Kubernetes. In versions 0.59.0 and prior, if a malicious user has taken over a Kubernetes node where virt-handler (the KubeVirt node-daemon) is running, the virt-handler service account can be used to modify all node specs. This can be misused to lure-in system-level-privileged components which can, for instance, read all secrets on the cluster, or can exec into pods on other nodes. This way, a compromised node can be used to elevate privileges beyond the node until potentially having full privileged access to the whole cluster. The simplest way to exploit this, once a user could compromise a specific node, is to set with the virt-handler service account all other nodes to unschedulable and simply wait until system-critical components with high privileges appear on its node. No patches are available as of time of publication. As a workaround, gatekeeper users can add a webhook which will block the `virt-handler` service account to modify the spec of a node.",1/27/2023,2023-03-15T21:15:08Z,7-Sep-24,8.2,HIGH,过度权限配置
CVE-2023-29018,OpenFeature Operator,"The OpenFeature Operator allows users to expose feature flags to applications. Assuming the pre-existence of a vulnerability that allows for arbitrary code execution, an attacker could leverage the lax permissions configured on `open-feature-operator-controller-manager` to escalate the privileges of any SA in the cluster. The increased privileges could be used to modify cluster state, leading to DoS, or read sensitive data, including secrets. Version 0.2.32 mitigates this issue by restricting the resources the `open-feature-operator-controller-manager` can modify."," Apr 13, 2023",2023-04-14T19:15:09Z,12-Apr-23,8.8,HIGH,过度权限配置
CVE-2023-30512,CubeFS,"CubeFS through 3.2.1 allows Kubernetes cluster-level privilege escalation. This occurs because DaemonSet has cfs-csi-cluster-role and can thus list all secrets, including the admin secret.","Apr 9, 2023
",2023-04-12T06:15:07Z,1/22/2025,6.5,MEDIUM,过度权限配置
CVE-2023-30617,Kruise,"Kruise provides automated management of large-scale applications on Kubernetes. Starting in version 0.8.0 and prior to versions 1.3.1, 1.4.1, and 1.5.2, an attacker who has gained root privilege of the node that kruise-daemon run can leverage the kruise-daemon pod to list all secrets in the entire cluster. After that, the attacker can leverage the ""captured"" secrets (e.g. the kruise-manager service account token) to gain extra privileges such as pod modification. Versions 1.3.1, 1.4.1, and 1.5.2 fix this issue. A workaround is available. For users that do not require imagepulljob functions, they can modify kruise-daemon-role to drop the cluster level secret get/list privilege."," Jan 3, 2024",2024-01-03T16:15:08Z,26-Jan-24,6.5,MEDIUM,过度权限配置
CVE-2023-30622,Clusternet,Clusternet is a general-purpose system for controlling Kubernetes clusters across different environments. An issue in clusternet prior to version 0.15.2 can be leveraged to lead to a cluster-level privilege escalation.,4/21/2023,2023-04-24T16:15:07Z,21-Apr-23,8.8,HIGH,内部权限失控
CVE-2023-30840,Fluid,"Fluid is an open source Kubernetes-native distributed dataset orchestrator and accelerator for data-intensive applications. Starting in version 0.7.0 and prior to version 0.8.6, if a malicious user gains control of a Kubernetes node running fluid csi pod (controlled by the `csi-nodeplugin-fluid` node-daemonset), they can leverage the fluid-csi service account to modify specs of all the nodes in the cluster. However, since this service account lacks `list node` permissions, the attacker may need to use other techniques to identify vulnerable nodes. Once the attacker identifies and modifies the node specs, they can manipulate system-level-privileged components to access all secrets in the cluster or execute pods on other nodes. This allows them to elevate privileges beyond the compromised node and potentially gain full privileged access to the whole cluster. To exploit this vulnerability, the attacker can make all other nodes unschedulable (for example, patch node with taints) and wait for system-critical components with high privilege to appear on the compromised node. However, this attack requires two prerequisites: a compromised node and identifying all vulnerable nodes through other means. Version 0.8.6 contains a patch for this issue. As a workaround, delete the `csi-nodeplugin-fluid` daemonset in `fluid-system` namespace and avoid using CSI mode to mount FUSE file systems. Alternatively, using sidecar mode to mount FUSE file systems is recommended.

",5/8/2023,2023-05-08T18:15:14Z,5/8/2023,7.8,HIGH,过度权限配置
CVE-2023-3676,Kubernetes Windows,A security issue was discovered in Kubernetes where a user that can create pods on Windows nodes may be able to escalate to admin privileges on those nodes. Kubernetes clusters are only affected if they include Windows nodes.,7/15/2023,2023-10-31T21:15:08Z,3/3/2025,8.8,HIGH,K8S漏洞
CVE-2023-3893,Kubernetes Windows,A security issue was discovered in Kubernetes where a user that can create pods on Windows nodes running kubernetes-csi-proxy may be able to escalate to admin privileges on those nodes. Kubernetes clusters are only affected if they include Windows nodes running kubernetes-csi-proxy.,7/26/2023,2023-11-03T18:15:08Z,7-May-24,8.8,HIGH,K8S漏洞
CVE-2023-3955,Kubernetes Windows,A security issue was discovered in Kubernetes where a user that can create pods on Windows nodes may be able to escalate to admin privileges on those nodes. Kubernetes clusters are only affected if they include Windows nodes.,7/26/2023,2023-10-31T21:15:08Z,7-May-24,8.8,HIGH,K8S漏洞
CVE-2023-46254,capsule-proxy,capsule-proxy is a reverse proxy for Capsule kubernetes multi-tenancy framework. A bug in the RoleBinding reflector used by `capsule-proxy` gives ServiceAccount tenant owners the right to list Namespaces of other tenants backed by the same owner kind and name.,11/6/2023,2023-11-06T19:15:09Z,11/6/2023,4.3,MEDIUM,内部权限失控
CVE-2023-48312,capsule-proxy,capsule-proxy is a reverse proxy for the capsule operator project. Affected versions are subject to a privilege escalation vulnerability which is based on a missing check if the user is authenticated based on the `TokenReview` result.,11/24/2023,2023-11-24T18:15:07Z,11/23/2023,9.8,CRITICAL,内部权限失控
CVE-2023-50726,Argo CD,"Argo CD is a declarative, GitOps continuous delivery tool for Kubernetes. Local sync"" is an Argo CD feature that allows developers to temporarily override an Application's manifests with locally-defined manifests. Use of the feature should generally be limited to highly-trusted users since it allows the user to bypass any merge protections in git. An improper validation bug allows users who have `create` privileges but not `override` privileges to sync local manifests on app creation. All other restrictions  including AppProject restrictions are still enforced. The only restriction which is not enforced is that the manifests come from some approved git/Helm/OCI source. The bug was introduced in 1.2.0-rc1 when the local manifest sync feature was added. The bug has been patched in Argo CD versions 2.10.3  2.9.8  and 2.8.12. Users are advised to upgrade. Users unable to upgrade may mitigate the risk of branch protection bypass by removing `applications create` RBAC access. The only way to eliminate the issue without removing RBAC access is to upgrade to a patched version.""",14-Mar-24,2024-03-13T21:15:54Z,14-Mar-24,(not available),NAN,内部权限失控
CVE-2023-5408,OpenShift,A privilege escalation flaw was found in the node restriction admission plugin of the kubernetes api server of OpenShift. A remote attacker who modifies the node role label could steer workloads from the control plane and etcd nodes onto different worker nodes and gain broader access to the cluster.,滞后（未知）,2023-11-02T03:15:10Z,"Oct 5, 2023?",7.2,HIGH,内部权限失控
CVE-2023-5528,Kubernetes Windows,A security issue was discovered in Kubernetes where a user that can create pods and persistent volumes on Windows nodes may be able to escalate to admin privileges on those nodes. Kubernetes clusters are only affected if they are using an in-tree storage plugin for Windows nodes.,11/14/2023,2023-11-14T21:15:14Z,7-May-24,8.8,HIGH,K8S漏洞
CVE-2024-31989,Argo CD,"Argo CD is a declarative, GitOps continuous delivery tool for Kubernetes. It has been discovered that an unprivileged pod in a different namespace on the same cluster could connect to the Redis server on port 6379.",5/21/2024,2024-05-21T19:15:09Z,5/21/2024,9,CRITICAL,网络隔离
CVE-2024-33522,Calico,"In vulnerable versions of Calico (v3.27.2 and below), Calico Enterprise (v3.19.0-1, v3.18.1, v3.17.3 and below), and Calico Cloud (v19.2.0 and below), an attacker who has local access to the Kubernetes node, can escalate their privileges by exploiting a vulnerability in the Calico CNI install binary. The issue arises from an incorrect SUID (Set User ID) bit configuration in the binary, combined with the ability to control the input binary, allowing an attacker to execute an arbitrary binary with elevated privileges.","?Sep 1, 2023",2024-04-29T23:15:06Z,30-Apr-24,(not available),N/A,代码注入
CVE-2024-40628,JumpServer,"JumpServer is an open-source Privileged Access Management (PAM) tool that provides DevOps and IT teams with on-demand and secure access to SSH, RDP, Kubernetes, Database and RemoteApp endpoints through a web browser. An attacker can exploit the ansible playbook to read arbitrary files in the celery container, leading to sensitive information disclosure. The Celery container runs as root and has database access, allowing the attacker to steal all secrets for hosts, create a new JumpServer account with admin privileges, or manipulate the database in other ways. This issue has been addressed in release versions 3.10.12 and 4.0.0. It is recommended to upgrade the safe versions. There is no known workarounds for this vulnerability.",7/18/2024,2024-07-18T17:15:04Z,11-Jul-24,9.1,CRITICAL,内部权限失控
CVE-2024-40629,JumpServer,"JumpServer is an open-source Privileged Access Management (PAM) tool that provides DevOps and IT teams with on-demand and secure access to SSH, RDP, Kubernetes, Database and RemoteApp endpoints through a web browser. An attacker can exploit the Ansible playbook to write arbitrary files, leading to remote code execution (RCE) in the Celery container. The Celery container runs as root and has database access, allowing an attacker to steal all secrets for hosts, create a new JumpServer account with admin privileges, or manipulate the database in other ways. This issue has been patched in release versions 3.10.12 and 4.0.0. It is recommended to upgrade the safe versions. There are no known workarounds for this vulnerability.",7/18/2024,2024-07-18T17:15:04Z,11-Jul-24,9.8,CRITICAL,内部权限失控
CVE-2024-43403,Kanister,"Kanister is a data protection workflow management tool. The kanister has a deployment called default-kanister-operator, which is bound with a ClusterRole called edit via ClusterRoleBinding.",8/21/2024,2024-08-20T22:15:04Z,9-Jul-25,(not available),N/A,过度权限配置
CVE-2024-43803,Bare Metal Operator ,"The Bare Metal Operator (BMO) implements a Kubernetes API for managing bare metal hosts in Metal3. The `BareMetalHost` (BMH) CRD allows the `userData`, `metaData`, and `networkData` for the provisioned host to be specified as links to Kubernetes Secrets. There are fields for both the `Name` and `Namespace` of the Secret, meaning that versions of the baremetal-operator prior to 0.8.0, 0.6.2, and 0.5.2 will read a `Secret` from any namespace. A user with access to create or edit a `BareMetalHost` can thus exfiltrate a `Secret` from another namespace by using it as e.g. the `userData` for provisioning some host (note that this need not be a real host, it could be a VM somewhere). BMO will only read a key with the name `value` (or `userData`, `metaData`, or `networkData`), so that limits the exposure somewhat. `value` is probably a pretty common key though. Secrets used by _other_ `BareMetalHost`s in different namespaces are always vulnerable. It is probably relatively unusual for anyone other than cluster administrators to have RBAC access to create/edit a `BareMetalHost`. This vulnerability is only meaningful, if the cluster has users other than administrators and users' privileges are limited to their respective namespaces. The patch prevents BMO from accepting links to Secrets from other namespaces as BMH input. Any BMH configuration is only read from the same namespace only. The problem is patched in BMO releases v0.7.0, v0.6.2 and v0.5.2 and users should upgrade to those versions. Prior upgrading, duplicate the BMC Secrets to the namespace where the corresponding BMH is. After upgrade, remove the old Secrets. As a workaround, an operator can configure BMO RBAC to be namespace scoped for Secrets, instead of cluster scoped, to prevent BMO from accessing Secrets from other namespaces.",9/3/2024,2024-09-03T19:15:14Z,9/4/2024,(not available),N/A,过度权限配置
CVE-2024-48921,Kyverno,"Kyverno is a policy engine designed for Kubernetes. A kyverno ClusterPolicy, ie. disallow-privileged-containers  can be overridden by the creation of a PolicyException in a random namespace. By design, PolicyExceptions are consumed from any namespace. Administrators may not recognize that this allows users with privileges to non-kyverno namespaces to create exceptions. This vulnerability is fixed in 1.13.0.",10/29/2024,2024-10-29T15:15:10Z,10/29/2024,2.7,LOW,内部权限失控
CVE-2024-56513,Karmada,"Karmada is a Kubernetes management system that allows users to run cloud-native applications across multiple Kubernetes clusters and clouds. Prior to version 1.12.0, the PULL mode clusters registered with the `karmadactl register` command have excessive privileges to access control plane resources. By abusing these permissions, an attacker able to authenticate as the karmada-agent to a karmada cluster would be able to obtain administrative privileges over the entire federation system including all registered member clusters. Since Karmada v1.12.0, command `karmadactl register` restricts the access permissions of pull mode member clusters to control plane resources. This way, an attacker able to authenticate as the karmada-agent cannot control other member clusters in Karmada. As a workaround, one may restrict the access permissions of pull mode member clusters to control plane resources according to Karmada Component Permissions Docs.",11/7/2024,2025-01-03T17:15:08Z,11/20/2024,(not available),N/A,过度权限配置
CVE-2025-2241,Hive,"A flaw was found in Hive, a component of Multicluster Engine (MCE) and Advanced Cluster Management (ACM). This vulnerability causes VCenter credentials to be exposed in the ClusterProvision object after provisioning a VSphere cluster.",6/13/2025,2025-03-17T17:15:40Z,8/29/2025,8.2,HIGH,敏感信息泄露
CVE-2025-24784,kubewarden-controller ,"kubewarden-controller is a Kubernetes controller that allows you to dynamically register Kubewarden admission policies. The policy group feature, added to by the 1.17.0 release. By being namespaced, the AdmissionPolicyGroup has a well constrained impact on cluster resources. Hence, it??s considered safe to allow non-admin users to create and manage these resources in the namespaces they own. Kubewarden policies can be allowed to query the Kubernetes API at evaluation time; these types of policies are called ??context aware??. Context aware policies can perform list and get operations against a Kubernetes cluster. The queries are done using the ServiceAccount of the Policy Server instance that hosts the policy. That means that access to the cluster is determined by the RBAC rules that apply to that ServiceAccount. The AdmissionPolicyGroup CRD allowed the deployment of context aware policies. This could allow an attacker to obtain information about resources that are out of their reach, by leveraging a higher access to the cluster granted to the ServiceAccount token used to run the policy. The impact of this vulnerability depends on the privileges that have been granted to the ServiceAccount used to run the Policy Server and assumes that users are using the recommended best practices of keeping the Policy Server's ServiceAccount least privileged. By default, the Kubewarden helm chart grants access to the following resources (cluster wide) only: Namespace, Pod, Deployment and Ingress. This vulnerability is fixed in 1.21.0.",1/30/2025,2025-01-30T16:15:31Z,1/29/2025,(not available),N/A,内部权限失控
CVE-2025-32445,Argo Events,"Argo Events is an event-driven workflow automation framework for Kubernetes. A user with permission to create/modify EventSource and Sensor custom resources can gain privileged access to the host system and cluster, even without having direct administrative privileges. The EventSource and Sensor CRs allow the corresponding orchestrated pod to be customized with spec.template and spec.template.container (with type k8s.io/api/core/v1.Container), thus, any specification under container such as command, args, securityContext , volumeMount can be specified, and applied to the EventSource or Sensor pod. With these, a user would be able to gain privileged access to the cluster host, if he/she specified the EventSource/Sensor CR with some particular properties under template. This vulnerability is fixed in v1.9.6.",4/14/2025,2025-04-15T20:15:39Z,4/6/2025,(not available),N/A,内部权限失控
